{
    "bottom_left": [
        -89.26637197396457,
        35.313316346228135
    ],
    "bottom_right": [
        -77.83937040107656,
        35.313316346228135
    ],
    "top_right": [
        -77.83937040107656,
        42.44983371848417
    ],
    "top_left": [
        -89.26637197396457,
        42.44983371848417
    ],
    "CRS": "EPSG:4269",
    "CRS_name": "NAD83"
}